"","id.new","date.col","RM","features","Provenance","NEW.TLS","WT","vat.cum","year","Wr","hatch","Sr","Ba","Mn","P","Cu","Mg"
"1","LFA01",2019-02-11,-4.15,"Glen C.","Lees Ferry",134.9141,26,0,"2019",NA,2019,4.27962917111035,0.0136298238333753,0.00219499333456199,85079.0575418095,0.000820466410390325,0.0261492786565477
"2","LFA02",2019-04-19,-14.17,"Glen C.","Lees Ferry",149.1451,38.8,0,"2019",NA,2019,3.27020453895883,0.00803134589213822,0.00270569659356848,24373.406916215,0.000633922622075945,0.0233332324756491
"3","LFA03",2019-04-19,-14.17,"Glen C.","Lees Ferry",147.1121,31.7,0,"2019",NA,2019,4.29901578645905,0.013978302396272,0.00271830833989477,39023.4620546898,0.00158235430820011,0.0279272642971538
"4","LFA04",2019-04-19,-13.69,"Glen C.","Lees Ferry",159.3101,44.1,0,"2019",NA,2019,3.46463712356115,0.0116825555092977,0.00181620458446529,74407.7290525382,0.00111448514859632,0.0273936839011001
"5","LFA05",2019-02-10,-4.46,"Glen C.","Lees Ferry",154.2276,34,0,"2019",NA,2019,3.84277555442261,0.00952541226414754,0.00203306436816678,51947.633359096,0.00294087664514056,0.0335177129698621
"6","LFA06",2019-02-10,-4.06,"Glen C.","Lees Ferry",149.1451,31,0,"2019",NA,2019,3.54282487265072,0.011135575900175,0.00162230967068662,78032.546708057,0.00195680742979537,0.0316605449931417
"7","LFA07",2019-04-28,-8.37,"Glen C.","Lees Ferry",105.4356,11.8,0,"2019",NA,2019,3.21978794611818,0.00719591866658965,0.00133773378881795,45842.3640372267,0.0011042595142482,0.0224558699007904
"8","LFA08",2022-09-10,-14.17,"Glen C.","Lees Ferry",114,14.1,0,"2022",84.6799811553032,2022,3.94458849540108,0.0200933343479406,0.00397737343172986,509777.884711008,0.000707028387047048,0.16460135668265
"9","LFA09",2022-09-10,-14.17,"Glen C.","Lees Ferry",100,9.6,40,"2022",84.9710985437602,2022,3.87073969431765,0.0247726714510973,0.0025132432001629,1004737.69799149,0.00115920361589069,0.354472421766141
"10","LFA10",2022-09-11,-14.17,"Glen C.","Lees Ferry",99,11.8,4,"2022",107.597413427767,2022,4.06869798658845,0.0167501765797559,0.00406051693517608,896374.138238754,0.000775123306627182,0.325437885652367
"11","LFA11",2022-09-11,-14.17,"Glen C.","Lees Ferry",94,8.1,2.5,"2022",86.1046433531769,2022,4.28267541952638,0.0209271919434108,0.00372644894544028,401412.183250869,0.000942836200792107,0.164724326559334
"12","LFA12",2022-09-11,-14.17,"Glen C.","Lees Ferry",85,6.3,0,"2022",90.2112144249114,2022,4.26969812788103,0.0170655103066584,0.00502643506601073,288532.269008677,0.000991683530322072,0.113582525609407
"13","LFA13",2022-09-11,-14.17,"Glen C.","Lees Ferry",104,9.8,0,"2022",77.2337978961619,2022,3.79623683047214,0.0142099215977641,0.00320893371686869,482455.669143085,0.000693083079895156,0.162897320737841
"14","LFA14",2022-09-10,-14.17,"Glen C.","Lees Ferry",85,6.6,0,"2022",94.5069865403834,2022,3.60778737163775,0.0164637023525672,0.00452075815082986,352131.627364836,0.000502564624441885,0.0991593502910795
"15","LFA15",2022-09-10,-14.27,"Glen C.","Lees Ferry",103,10,30,"2022",81.0964446785117,2022,4.34103255129742,0.0214806414077921,0.00541776429408606,818400.71179247,0.000744434451988381,0.186160727673928
"16","LFA23",2022-09-12,-12.84,"Glen C.",NA,391,599,0,"2022",NA,2019,3.94120511091056,0.0177356426498192,0.00396831166901613,300856.493311065,0.000725575227432655,0.099867112116129
"17","LFA24",2022-09-13,-4.1,"Glen C.",NA,502,1023,0,"2022",NA,2016,3.88857674439206,0.0211668222774797,0.00526183367343225,215634.410206466,0.00131403540118382,0.0782447661772551
"18","LFA25",2022-09-12,-12.83,"Glen C.",NA,425.448632785379,716,11.5,"2022",NA,2018,3.58416533906578,0.0211950807930748,0.00415565392205691,136177.285512967,0.00112131870212716,0.0768055805371462
"19","LFA26",2022-09-14,-3.04,"Glen C.",NA,382.730507276305,519,41.5,"2022",NA,2019,4.2264991330185,0.0213037019936675,0.00316029212575972,591214.791977235,0.000981318763108192,0.207385194294362
"20","LFA27",2022-09-13,-3.5,"Glen C.",NA,380.694154788434,451,13.5,"2022",NA,2019,3.26129009708966,0.0122956661854146,0.00221289843980605,331132.211013089,0.000799071440167995,0.115389460877262
"21","MGR01",2018-06-15,-4.3,"Glen C.",NA,420.57,991,0,"2018",NA,2014,3.31059506950767,0.0110104055821066,0.00453354755148968,25115.8217828207,0.000678610492088262,0.0299540206097501
"22","MGR02",2018-06-15,-4.3,"Glen C.",NA,362.43,579,0,"2018",NA,2014,3.6878363413936,0.0113571663258239,0.00260914264627403,73981.1124406418,0.00139417353586363,0.0462527631649015
"23","MGR03",2018-06-16,-4.3,"Glen C.",NA,311.43,346,40.5,"2018",NA,2015,3.26190446275745,0.0106869364340008,0.00287329761852988,40849.6146625574,0.000621297633206668,0.0334883173462765
"24","MGR04",2018-06-15,-4.3,"Glen C.",NA,454.23,1423,0,"2018",NA,2013,2.98198371433318,0.0136042919788676,0.00351269046920389,53753.0145717731,0.000549324937561812,0.0329746972916201
"25","MGR05",2018-06-16,-4.3,"Glen C.",NA,208.41,104,0,"2018",NA,2017,3.64904464956977,0.0175815865703116,0.00259154258572484,43341.9067794208,0.000709612828161823,0.0284751256362988
"26","MGR07",2018-06-15,-4.3,"Glen C.",NA,210.45,92,0,"2018",NA,2017,4.05963791877326,0.0166555737756569,0.00391838238247403,40950.5418375759,0.000659262023630773,0.0363120750772478
"27","MGR08",2013-01-11,-4.31,"Glen C.",NA,NA,NA,40.5,"2013",NA,2009,4.1024121258294,0.0386628015730122,0.00763072601351953,82176.7323477395,0.00049597713889444,0.393192110462456
"28","MGR10",2013-04-04,-4.46,"Glen C.",NA,437.91,NA,0,"2013",NA,2008,3.38496488433796,0.0197984979169281,0.00376448784416979,64456.2200652721,0.000592393300643418,0.0450610845445939
"29","MGR18",2014-04-03,2.6,"Glen C.",NA,304.29,NA,9.5,"2014",NA,2011,3.48873852024687,0.0235455091883751,0.00543549147748036,69003.437793148,0.000661399974639528,0.0342557736584477
"30","MGR22",2015-04-03,-2.62,"Glen C.",NA,360.39,NA,0,"2015",NA,2011,0.42581431708078,0.0485665467983364,0.00336146352369766,55806.0080982639,0.000636500698474791,0.0393290161292489
"31","MGR23",2013-04-05,-2.3,"Glen C.",NA,277.77,NA,0,"2013",NA,2011,3.22413848494778,0.0134374691534754,0.00696926255204756,67472.0015569498,0.000470733993140035,0.0376629500650032
"32","MSC01",2021-04-08,8.92,"Glen C.",NA,495,815,0,"2021",63.4053960885178,2016,4.19433066506047,0.0167510137697408,0.00334051755352899,267850.557273286,0.00768687668071041,0.0658917145291782
"33","MSC18",2018-09-09,-4.02,"Glen C.",NA,423.6001,NA,0,"2018",NA,2015,3.629825933807,0.012568956739298,0.00224321578812241,52931.6031981528,0.000317342209078186,0.0335812917624408
"34","MSC24",2019-11-06,-4.02,"Glen C.",NA,365.6596,589,0,"2019",NA,2017,3.66091494505569,0.00956392390464561,0.00276345220914145,62460.296559515,0.00287868157769789,0.0442650979776958
"35","MSC27",2020-01-27,-4.15,"Glen C.",NA,428.6826,902,8,"2020",NA,2016,3.39721329735311,0.0117799067114061,0.0017821851365504,66189.4605933659,0.000739183802158713,0.0384202795017783
"36","MSC28",2019-09-15,-4.15,"Glen C.",NA,447.9961,926,0,"2019",NA,2016,3.27345282334032,0.0167634599917177,0.00371322893354017,66688.7169649743,0.0024979303188243,0.0623683446700102
"37","MSC29",2019-11-06,-4.15,"Glen C.",NA,471,633,0,"2019",57.0508113216694,2015,3.48831427690891,0.0164563030926915,0.00519030203368028,39672.4480066614,0.000422135485379968,0.0315875651729034
"38","MSC30",2019-11-02,-8.88,"Glen C.",NA,405.3031,818,0,"2019",NA,2016,3.96285202383206,0.015255240871163,0.00268878717404433,45618.1245596582,0.000717738991719214,0.0332698705097475
"39","MSC31",2018-09-08,-4.06,"Glen C.",NA,440.8806,NA,92.5,"2018",NA,2015,3.75474994983665,0.0129304300054468,0.00154326451728865,67017.2103281869,0.00118311819058424,0.0299141169927409
"40","MSC33",2019-06-27,-4.31,"Glen C.",NA,441.8971,980,80,"2019",NA,2016,3.53210220355876,0.0147419730322788,0.00324602045501786,46958.7696802691,0.000719236184772151,0.0369081732029438
"41","MSC35",2019-09-13,-13.36,"Glen C.",NA,410.3856,763,15,"2019",NA,2016,3.23160450350284,0.00915210093214408,0.00485654634102237,48854.2704464744,0.000415567457391473,0.0313303821929127
"42","MSC36",2019-02-10,-4.02,"Glen C.",NA,423.6001,886,4.5,"2019",NA,2016,3.25746121600704,0.00802600922937843,0.00150581544722912,42510.6149211648,0.00117034918881136,0.0384179661862966
"43","MSC43",2018-06-16,-3.75,"Glen C.",NA,650,3404,0,"2018",118.240434169803,2012,3.64677308502052,0.0210353194493535,0.00578348558695108,84640.5377999523,0.00133485948910586,0.0392318761584692
"44","MSC53",2014-01-09,-4.02,"Glen C.",NA,474.4251,1293,22,"2014",NA,2010,4.99292212414279,0.0376385396905909,0.00254757551634285,67724.7358016092,0.00191124798257581,0.027843246089691
"45","MSC56",2015-01-09,-4.02,"Glen C.",NA,421,747,0,"2015",93.852446512802,2012,3.80580708305368,0.0258212927136733,0.00604698373109702,80527.5200035759,0.00121598203518447,0.0410742157881228
"46","MSC57",2015-01-09,-4.02,"Glen C.",NA,447.9961,NA,27,"2015",NA,2011,4.45786360179865,0.0394263773134505,0.00606165528694526,65207.7960798386,0.00143918804685059,0.0344755398545236
"47","MSC58",2014-01-10,-4.06,"Glen C.",NA,367.6926,563,50.5,"2014",NA,2011,4.4650565278857,0.0173240582136158,0.00202734868751328,58873.5187012274,0.00137024004609878,0.0226691838636218
"48","MSC59",2014-01-09,-7,"Glen C.",NA,NA,NA,46,"2014",NA,NA,4.00281549546321,0.0231500017888624,0.00667496714681861,113426.662681705,0.0010384895268577,0.168842346869446
"49","MSC61",2014-01-10,-4.06,"Glen C.",NA,384.9731,602,75,"2014",NA,2011,5.13603738298158,0.0331191814862288,0.00395721590677894,78738.8821267776,0.00293661436063749,0.0371710705085499
"50","MSC11",2020-12-07,NA,"Tapeats",NA,462,NA,0,"2020",NA,2016,3.02894864900869,0.0110919895204281,0.00663154116574308,255126.662526366,0.00433117012336025,0.0974060230336592
"51","MSC12",2020-12-07,NA,"Tapeats",NA,425,NA,0,"2020",NA,2017,3.16811444998342,0.0243303790433594,0.00384849223634179,68212.8124975822,0.00482615455350606,0.0479739972841648
"52","TP01",2020-03-01,NA,"Tapeats",NA,534,1444,0,"2020",89.7521937279306,2015,0.391619584678429,0.0264789886914155,0.00181325866815384,46697.6995769114,0.00141754528230705,0.0481834082638762
"53","TP02",2020-03-01,NA,"Tapeats","Tapeats",141,31.3,0,"2020",100.19724122798,2020,0.458296686375549,0.0281001906866797,0.00181825652633612,101896.018427238,0.000666594313525026,0.0602102130128142
"54","TP06",2020-03-01,NA,"Tapeats","Tapeats",171,53,22,"2020",95.853369225314,2020,0.459744032282099,0.0412740762058504,0.00220997975053277,370421.96984946,0.0017287911956167,0.0888578581914981
"55","TP07",2020-03-01,NA,"Tapeats","Tapeats",204,85,0,"2020",91.1829482176748,2019,0.502077078428456,0.0473520377068404,0.00147788443122505,106010.655348515,0.00097814065784883,0.0391561182163481
"56","TPE04",2020-03-01,NA,"Tapeats","Tapeats",106,13,0,"2020",96.8362562776771,2020,0.495390281908555,0.0255403517824028,0.00147925196538971,202370.359302321,0.00121260407011535,0.0440516598667346
"57","TPE05",2020-03-01,NA,"Tapeats","Tapeats",112,13,0,"2020",82.2731272110208,2020,0.444650238054348,0.0320602796903749,0.00107210252620255,300069.241269013,0.00135849827295777,0.0456347946982162
"58","VRT01",2022-06-10,NA,"Tapeats","Tapeats",189,NA,0,"2022",NA,2021,0.426784419549275,0.0274378040654541,0.00190741987213955,67376.0245826834,0.000761262618061369,0.0329598374434412
"59","MSC05",2021-04-08,159.3,"Western GC",NA,364,418,0,"2021",80.7822948126474,2018,3.6592328251519,0.00644602162947341,0.000809623684597867,110669.32597907,0.00124557464086457,0.049010004203533
"60","MSC09",2021-04-08,174.76,"Western GC",NA,187,NA,58.5,"2021",NA,2019,0.949263069977495,0.0327341973683064,0.00151361133771763,226651.034894459,0.0017218685834776,0.07247067270773
"61","MSC15",2021-04-08,176.06,"Western GC",NA,126,NA,0,"2021",NA,2020,0.393141124517276,0.0204122300706085,0.00141078024896019,403737.047971288,0.00104647530534262,0.0556543115066519
"62","MSC16",2021-04-08,173.91,"Western GC",NA,184,65,40,"2021",94.6351773908496,2020,4.23953195815567,0.0331704406183864,0.00129554274502558,369488.820867402,0.000952890182905701,0.0454300291631589
"63","MSC45",2017-10-16,211.15,"Western GC",NA,465.2766,1230,0,"2017",NA,2013,3.93205230046613,0.0277306517571073,0.00328709713853859,31851.7313429622,0.000690766209133116,0.0327653500446078
"64","MSC48",2019-07-16,210.62,"Western GC",NA,708.2201,3196,6,"2019",NA,2012,0.394703510330816,0.0840695861270924,0.00514963565022179,120844.845510041,0.00412054259235218,0.0567513984474796
"65","MGR09",2014-04-04,7.64,"Marble C.",NA,494.01,NA,0,"2014",NA,2008,4.52115737759107,0.0266678935015643,0.00282176808887339,83396.6431410684,0.000393273811420448,0.0273164718934094
"66","MGR12",2013-01-13,17.22,"Marble C.",NA,NA,NA,79.5,"2013",NA,2008,5.10948092015154,0.0449827656028143,0.00390431412934045,290879.020160921,0.00058893873916723,0.0357259785253337
"67","MGR13",2013-04-06,18.7,"Marble C.",NA,362.43,NA,0,"2013",NA,2010,0.382665207710642,0.054981871013217,0.00544832393803218,104301.569079056,0.000514630029114309,0.0484471261215284
"68","MGR14",2013-04-06,17.82,"Marble C.",NA,412.41,NA,0,"2013",NA,2009,0.35024373779249,0.0377653455158248,0.00273398675578926,74274.6516985974,0.000468471653349932,0.0281881575151517
"69","MGR15",2013-04-02,2.55,"Marble C.",NA,438.93,NA,0,"2013",NA,2008,3.52368477015862,0.0152501136164856,0.00430841862325172,47908.2655806242,0.000853935607151927,0.0282509999482186
"70","MGR16",2015-04-04,3.97,"Marble C.",NA,456.27,NA,48,"2015",NA,2011,4.20162395415736,0.0269850590845865,0.00454469741690897,81837.8681808069,0.000949923030557402,0.0464164891425645
"71","MGR17",2015-04-04,5.87,"Marble C.",NA,436.89,NA,19.5,"2015",NA,2011,4.43621658980016,0.0466652868582542,0.00833827619363292,124157.721223656,0.000711090610568835,0.0481671522970137
"72","MSC07",2021-04-08,37.69,"Marble C.",NA,240,126,0,"2021",83.5497721099903,2019,3.90850386542921,0.0122331195451528,0.00239440110367708,265136.637402612,0.00176882452611682,0.0775189785650209
"73","MSC17",2014-09-15,39.89,"Marble C.",NA,488,1406,0,"2014",114.09395831022,2010,0.379512397940223,0.0530969192647085,0.00450984061460991,64301.0217221317,0.000537296317080362,0.0421553197281622
"74","MSC25",2015-01-12,37.74,"Marble C.",NA,479,1312,0,"2015",112.496941516829,2010,0.357487936582688,0.0395242941343735,0.00275652676923849,50071.7803961558,0.000417054782640644,0.0340680027566603
"75","MSC32.2",2014-09-15,39.6,"Marble C.",NA,399,742,0,"2014",109.275835084283,2011,0.394710376267766,0.0434607134044573,0.0034891894332617,43429.2406871694,0.000385518872765428,0.0284599984092141
"76","MSC37",2014-09-05,40.32,"Marble C.",NA,459.1776,NA,0,"2014",NA,2011,3.7414088812226,0.0270788232615494,0.00340619542350552,56649.2211591468,0.000929941940871507,0.0249930539405406
"77","MSC39",2015-01-13,39.45,"Marble C.",NA,445.9631,NA,0,"2015",NA,2011,3.88226186717188,0.0229274906146281,0.00467822599973793,72937.1639616544,0.00164072787227893,0.0347135049067291
"78","MSC40",2014-09-13,18.7,"Marble C.",NA,368.7091,NA,0,"2014",NA,2011,0.380655240844787,0.0427815282582483,0.00419838949093261,79935.4165570378,0.000646136790802145,0.0337584397484234
"79","MSC50",2013-04-08,39.45,"Marble C.",NA,706.1871,NA,0,"2013",NA,2003,5.32849304761094,0.0311585714349386,0.00437532525720989,77965.9031776476,0.00123878425074129,0.0337570376803011
"80","MSC54",2013-04-09,41.04,"Marble C.",NA,353.4616,NA,13.5,"2013",NA,2010,0.341128263293584,0.0382794135456007,0.00366826438305414,48188.0983621812,0.00152361895522898,0.0438461108451358
"81","MSC55",2014-01-11,17.22,"Marble C.",NA,413.4351,728,27,"2014",NA,2011,0.708996857362912,0.0637389214320715,0.00374655862584349,110664.086669416,0.00212463071440238,0.0539694141292391
"82","ASP11",2021-10-27,NA,"Bright Angel Above Barrier","Bright Angel",305,328,0,"2021",106.990771514712,2019,0.361555771695906,0.0533483812488653,0.00311744038221713,37331.2372404124,0.00193244338578349,0.0373003538712842
"83","BAC01",2021-11-21,NA,"Bright Angel Upper","Bright Angel",132,15,0,"2021",58.3703668344783,2021,0.537074731441345,0.112707997455343,0.00319697560874024,59972.645182992,0.00126453307232096,0.0397268657301092
"84","BAC02",2021-11-21,NA,"Bright Angel Upper","Bright Angel",147,30,0,"2021",84.8910575354204,2021,0.47695046202511,0.0637582251935387,0.00352148131655176,62576.0483459667,0.00263210242613042,0.0655032242173384
"85","BAC03",2021-11-21,NA,"Bright Angel Upper","Bright Angel",136,27,0,"2021",96.1808465768359,2021,0.413958292342554,0.0624673766822526,0.00413201143135344,64101.0171993792,0.0019994584449333,0.0598677231164578
"86","BAC05",2021-11-21,NA,"Bright Angel Upper","Bright Angel",143,30,0,"2021",92.1141998219765,2021,0.446045953739246,0.0578943288130329,0.00353338309998428,76265.1314345162,0.00117164080636081,0.0489512169795968
"87","BAC07",2021-11-22,NA,"Bright Angel Upper","Bright Angel",126,19,0,"2021",84.850965301511,2021,0.542114071848723,0.0793482682170008,0.00539210994121872,65564.0958300707,0.00110418291643045,0.0439386628556474
"88","BAC08",2021-11-22,NA,"Bright Angel Upper","Bright Angel",112,13,0,"2021",82.2731272110208,2021,0.437587837920853,0.069135273271369,0.00377663947576929,44675.8352697249,0.00085215447800554,0.0303911777878601
"89","BAC09",2021-11-22,NA,"Bright Angel Upper","Bright Angel",88,6,0,"2021",77.5322773788744,2021,0.454073727112575,0.0604593742968795,0.00359804378123075,46917.4036724549,0.00432119877817995,0.0372477044797667
"90","BAC10",2021-12-01,NA,"Bright Angel Upper","Bright Angel",121,13,0,"2021",65.4483430710619,2021,0.482356586711935,0.0716635527735189,0.00555876586332229,66703.3752495059,0.00334343277809582,0.0512281705256575
"91","BAC11",2021-12-01,NA,"Bright Angel Upper","Bright Angel",96,9,0,"2021",89.891713642999,2021,0.348985790132557,0.0585822367947764,0.00645546531408939,66829.3424750275,0.0149817739761129,0.0832322698248024
"92","BAC12",2021-12-02,NA,"Bright Angel Upper","Bright Angel",121,16,0,"2021",80.5518068566916,2021,0.543939334325653,0.110706465754325,0.0043148403126598,34421.7002812009,0.00131253797758865,0.0425545391797153
"93","BAC13",2021-12-06,NA,"Bright Angel Upper","Bright Angel",105,11,0,"2021",84.2698769775148,2021,0.475115574165918,0.0664507354071431,0.00341871199201596,57610.7101236445,0.00170087071543078,0.0322790686035255
"94","BAC14",2021-12-06,NA,"Bright Angel Upper","Bright Angel",74,5,0,"2021",107.905632297792,2021,0.504621734568196,0.0615921387459459,0.00467773537313373,44196.9854099301,0.00129118774816764,0.0401853270946325
"95","BOB19",2022-11-19,NA,"Bright Angel Upper",NA,296,226,39,"2022",80.5536037619704,2021,0.430899782780702,0.0628296745087314,0.00698844600600431,37236.9901075412,0.00286835752420074,0.0496255814422349
"96","BWE01",2022-12-22,NA,"Bright Angel Lower",NA,342,358,36.5,"2022",83.2081282431533,2019,0.483558234107695,0.102943237476487,0.00742156414347022,80755.9946336587,0.00261557812598999,0.0606712944188922
"97","BWE02",2022-12-22,NA,"Bright Angel Lower",NA,371,505,47.5,"2022",86.6002840703845,2018,0.444452492985457,0.0763276439682119,0.00745476237755327,33075.6656110823,0.00209388880733554,0.0439230058806824
"98","BWE03",2022-12-22,NA,"Bright Angel Lower",NA,347,380,0,"2022",84.6074003749637,2019,3.89562890200932,0.02385972793824,0.00344308779118954,73902.292648021,0.000780618243579417,0.0383993829853416
"99","BWE04",2022-12-22,NA,"Bright Angel Lower",NA,345,313,0,"2022",70.8924223420883,2018,0.488374631196495,0.0650807471353806,0.00761757015357554,86355.9824969377,0.00108141655154118,0.0399861621565999
"100","BWE05",2022-12-22,NA,"Bright Angel Lower",NA,325,325,0,"2022",87.8432939267135,2019,0.357462660510812,0.0606853287300519,0.00645808639476435,69189.0542967687,0.00110426558907796,0.0494240347581641
"101","BWE06",2022-12-25,NA,"Bright Angel Lower",NA,383,536,0,"2022",89.1038395985886,2017,3.74289010027589,0.0205614805803347,0.00469230357261325,84293.9632558736,0.000901447886263689,0.0577670428048509
"102","BWE07",2022-12-25,NA,"Bright Angel Lower",NA,346,377,0,"2022",84.6595776978807,2018,3.11661629304532,0.0190371533411887,0.00271828873182585,36943.6030055064,0.000497925135190515,0.0386217150432173
"103","BWE08",2022-12-25,NA,"Bright Angel Lower",NA,300,226,43.5,"2022",77.4157855813101,2019,0.406239873256758,0.0792589959725663,0.00711938431839702,68597.5110452332,0.00114677302589385,0.0577580612278238
"104","MSC10",2020-12-06,NA,"Bright Angel Lower",NA,539,NA,50,"2020",NA,2015,0.409474347413251,0.0864138168177253,0.00350864316541467,136011.050422677,0.00276657701504699,0.0649326854241322
"105","OTEL01",2021-11-06,NA,"Bright Angel Upper",NA,355,538,0,"2021",111.971204650568,2019,0.407971654238994,0.0474416860483622,0.00257975033602148,62135.0415497366,0.00634303822285379,0.0553126298683196
"106","OTEL02",2021-11-06,NA,"Bright Angel Upper",NA,338,473,0,"2021",113.832875850559,2018,0.373159100770438,0.0719860492358193,0.00480659407162798,78279.1694294814,0.00407780529255361,0.061282228419441
"107","OTEL03",2021-11-06,NA,"Bright Angel Upper",NA,400,836,0,"2021",122.210551264312,2019,0.345361043726138,0.0351826021143046,0.00318343040971554,119352.401941635,0.000578812752853052,0.0287951385841928
"108","OTEL04",2021-11-07,NA,"Bright Angel Upper",NA,301,268,0,"2021",90.9029478676107,2018,0.389309664782608,0.0452400324423023,0.00312801357841453,61753.8496216933,0.00455926303298606,0.0545831957696502
"109","OTEL06",2021-11-07,NA,"Bright Angel Upper",NA,331,370,0,"2021",94.7350879167686,2019,0.367700094011034,0.0658887375382858,0.0038547008969001,80363.7178780536,0.00251384455950354,0.0493546303915366
"110","OTEL07",2021-11-07,NA,"Bright Angel Upper",NA,310,270,48.5,"2021",83.9330781015146,2019,0.454272419687389,0.069908298993966,0.00396336786022555,53217.7971508871,0.00237188518386208,0.0985148301639905
"111","OTEL08",2021-11-12,NA,"Bright Angel Upper",NA,299,262,7.5,"2021",90.6388890681333,2019,0.400131047122145,0.106606463128375,0.00504194357124951,57004.0473097369,0.0153780572148386,0.0768460706694836
"112","OTEL10",2021-11-12,NA,"Bright Angel Upper",NA,305,NA,58.5,"2021",NA,2019,0.447384301014081,0.0497969241314903,0.00458424897011625,21121.8357107905,0.0010904373384096,0.032853414516272
"113","OTEL11",2021-11-13,NA,"Bright Angel Upper",NA,314,300,9.5,"2021",89.786180363031,2019,0.389539816478064,0.0596033064786948,0.00386349340486457,89510.0382013442,0.00190336080192476,0.0358930473078448
"114","OTEL12",2021-11-14,NA,"Bright Angel Upper",NA,315,290,44.5,"2021",85.9802609134659,2019,0.255893370175588,0.0221781364381919,0.00667036431521051,96463.8049089917,0.00436785019096495,0.661199822099424
"115","OTEL14",2021-11-15,NA,"Bright Angel Upper",NA,294,282,14,"2021",102.551262263655,2019,0.356124838271504,0.0381354629448334,0.0057307531245512,41328.6752536132,0.00738703971493334,0.0781768543698868
"116","OTEL15",2021-11-15,NA,"Bright Angel Above Barrier","Bright Angel",283,197,0,"2021",80.2007402840348,2019,0.466313719460827,0.0640520717772491,0.00441378726557601,66831.0625797074,0.00153035511343056,0.0362847783039726
"117","OTEL16",2021-11-15,NA,"Bright Angel Upper",NA,295,240,0,"2021",86.4048408127833,2019,0.39518613623594,0.0588389780011127,0.00410139332098853,57108.8417567042,0.00862808325264755,0.0666795053241235
"118","OTEL18",2021-11-18,NA,"Bright Angel Upper",NA,304,226,0,"2021",74.4393601854358,2019,0.429764456737948,0.0710521649240139,0.0056887833386649,43184.2782651335,0.00408273730513279,0.0671608896081573
"119","OTEL19",2021-11-18,NA,"Bright Angel Upper",NA,526,1410,0,"2021",91.6434246208594,2016,0.401543894359298,0.0457654729838034,0.00357371846951931,78506.4891757415,0.00318459720248447,0.0668799321433992
"120","OTEL20",2021-11-19,NA,"Bright Angel Upper",NA,310,317,53,"2021",98.5436509562227,2019,0.547662811462647,0.0667713784778835,0.00483361025457663,55734.2896489318,0.00758565708333569,0.0625690859742276
"121","OTEL21",2021-11-19,NA,"Bright Angel Upper",NA,310,292,0,"2021",90.7720696505269,2019,0.451139421443046,0.0545487961378938,0.00252925000980197,38954.5980113893,0.00381535397577079,0.0430870653592389
"122","OTEL22",2021-11-19,NA,"Bright Angel Upper",NA,324,290,0,"2021",79.1015088509825,2019,0.418418237935832,0.0542948908558714,0.00444348728967653,39180.708510316,0.00103253159071477,0.0333260569125653
"123","OTEL23",2021-11-19,NA,"Bright Angel Upper",NA,310,230,0,"2021",71.4985480124013,2019,0.41411816093761,0.0580331744792736,0.00467446073115813,72814.7811052935,0.0040103118075401,0.0600180297151485
"124","OTEL24",2021-11-19,NA,"Bright Angel Upper",NA,309,294,0,"2021",92.2720631545226,2019,0.464738308890251,0.0856597146583905,0.00479027368077382,94499.7492484759,0.0066158733437769,0.079619466377133
"125","OTEL25",2021-11-20,NA,"Bright Angel Upper",NA,298,292,51.5,"2021",102.024085300037,2019,0.431102710298912,0.0598218472630151,0.00482992960183077,39087.2234806514,0.00135793202772434,0.0415908242899333
"126","OTEL26",2021-11-22,NA,"Bright Angel Upper",NA,328,337,0,"2021",88.6427709409168,2019,0.336441624381813,0.0511947585301555,0.00273199345327827,58353.9595851836,0.00243118347309613,0.0443993422725747
"127","OTEL27",2021-11-22,NA,"Bright Angel Upper",NA,307,273,8,"2021",87.3439957094503,2019,0.42545052034588,0.0732433763844659,0.00520392538900484,62477.9302737627,0.00813328437992782,0.0797992384626651
"128","OTEL29",2021-11-22,NA,"Bright Angel Upper",NA,306,267,0,"2021",86.2533236473984,2019,0.390028504627211,0.0571675843214971,0.00360079267862269,80019.0476044621,0.00378367644015272,0.0546319136720431
"129","OTEL30",2021-11-22,NA,"Bright Angel Upper",NA,390,559,95.5,"2021",88.076606036883,2017,0.474171290106504,0.0674752227847567,0.00241785593710258,35820.4345119404,0.0022062298637762,0.044588841952578
"130","OTEL31",2021-11-24,NA,"Bright Angel Upper",NA,300,264,51,"2021",90.4325990861322,2019,0.390481325433547,0.0436881855973436,0.00591547847560703,85259.8441022938,0.00716077350921055,0.0872913057998152
"131","OTEL32",2021-11-27,NA,"Bright Angel Upper",NA,388,453,67,"2021",72.4696717599857,2018,0.446764115975688,0.0651056495352005,0.00288122645005888,46095.1680958327,0.000773295315362427,0.0292042639058146
"132","OTEL33",2021-12-02,NA,"Bright Angel Upper",NA,448,750,0,"2021",78.3931908492641,2017,3.48160648052582,0.0106273330689743,0.0035660416156155,44950.7471943061,0.00349358698706681,0.0474925930188646
"133","OTEL34",2021-12-03,NA,"Bright Angel Upper",NA,346,376,0,"2021",84.435016483828,2019,0.461827151420789,0.0535167544091905,0.0058094443341887,89232.1982188766,0.000570551673253885,0.039265150774797
"134","OTEL35",2021-12-04,NA,"Bright Angel Upper",NA,353,413,46,"2021",87.4051301256402,2019,0.526555539406632,0.0940650155187982,0.0082558154716281,48602.9172310954,0.00318637337145718,0.0518371104005929
"135","OTEL36",2021-12-04,NA,"Bright Angel Upper",NA,357,415,12,"2021",84.9474168486798,2018,0.412718056428627,0.0568288032641419,0.00452810190730986,88247.5648759036,0.00127758146667844,0.0462645245049248
"136","OTEL37",2021-12-17,NA,"Bright Angel Upper",NA,462,712,36,"2021",67.9422219914582,2017,0.435161364959039,0.0610009418968818,0.00713875653650027,68665.9559053073,0.00414012153658474,0.0509617362983232
"137","OTEL38",2021-12-17,NA,"Bright Angel Upper",NA,427,659,0,"2021",79.3997078627517,2018,0.413203354987062,0.053752747839502,0.00321458981266414,53349.500781013,0.00168927996801485,0.0439636255566787
"138","OTEL39",2021-12-19,NA,"Bright Angel Upper",NA,357,373,0,"2021",76.3503288784519,2018,0.388838726160091,0.0402925557309988,0.0031064735183456,55211.5013980715,0.00270181866944739,0.0452318176415401
"139","OTEL41",2021-12-21,NA,"Bright Angel Lower",NA,478,1104,13,"2021",95.2494550044557,2018,0.36435497840894,0.0459443595815703,0.00435896573349042,75386.8702085125,0.00161795973001225,0.0532566527956597
"140","OTEL42",2021-12-23,NA,"Bright Angel Lower",NA,327,366,36,"2021",97.1448400451121,2019,0.495335355942127,0.116131182737866,0.00436034475178723,30540.5216101341,0.000355352117775091,0.061780499896001
"141","OTEL43",2021-12-25,NA,"Bright Angel Lower",NA,307,292,0,"2021",93.422881857727,2019,0.475924601705354,0.0503869849324603,0.00302113988381287,49202.7259154503,0.000926911790840073,0.0426887841512452
"142","OTEL44",2021-12-25,NA,"Bright Angel Upper",NA,254,152,0,"2021",85.2188730572982,2020,0.465875683278415,0.050531530927139,0.00365821805917219,54288.7264949206,0.0004580181647579,0.0355924723530657
"143","OTEL45",2021-12-25,NA,"Bright Angel Lower",NA,510,1067,0,"2021",75.9900443845402,2017,0.479447408446297,0.0760881208939653,0.00308466549813944,50928.3133075511,0.00145738935763192,0.0428407633650103
"144","OTEL46",2021-12-25,NA,"Bright Angel Lower",NA,467,863,32,"2021",79.7687578352651,2018,0.416156175148458,0.0521442829263964,0.00418190411383376,59681.7532262343,0.000706684819414288,0.0365376637628255
"145","OTEL47",2021-12-26,NA,"Bright Angel Lower",NA,420,639,54,"2021",80.8505462699953,2019,4.20186500619592,0.00704301046898038,0.000659314518300558,58895.2121859661,0.00198486086108947,0.0596972654656576
"146","OTEL48",2021-12-25,NA,"Bright Angel Lower",NA,350,373,92,"2021",80.95942602994,2019,5.14263374875524,0.0206758393018224,0.00317938411625455,39316.9486422393,0.000966252820098014,0.0810160154230162
"147","OTEL49",2021-12-26,NA,"Bright Angel Lower",NA,303,242,0,"2021",80.4906038650826,2018,0.329768958490721,0.0454432377541656,0.00345833262770057,40702.6184184413,0.000524678269051757,0.0390841617008365
"148","OTEL51",2021-12-30,NA,"Bright Angel Upper",NA,331,360,71,"2021",92.1746801352343,2019,0.430555971221815,0.0614507010814235,0.00313904907071186,46500.0790971673,0.000654044736929521,0.0363298979243046
"149","OTEL52",2021-12-30,NA,"Bright Angel Upper",NA,355,351,45,"2021",73.0518454132887,2018,0.379172674717127,0.0388807896618854,0.00424215235670806,47449.4233679549,0.000417778882377125,0.0319201889748785
"150","OTEL53",2021-12-30,NA,"Bright Angel Upper",NA,322,321,0,"2021",89.1767523651551,2019,0.544108583370644,0.0400458036607517,0.0031178012675143,55906.9967768145,0.00117935835291719,0.0610819643091105
"151","OTEL54",2022-01-05,NA,"Bright Angel Upper",NA,394,480,65.5,"2022",73.3791067538541,2019,4.04445750521828,0.0166727075412283,0.00132609573423756,64479.1961717914,0.00190587254179797,0.0556742943552572
"152","OTEL55",2022-01-05,NA,"Bright Angel Upper",NA,437,713,0,"2022",80.2166417546187,2018,4.59516120616758,0.0201686114944761,0.00426748021804348,74561.4445469381,0.00441532842648827,0.0459583753287499
"153","OTEL56",2022-01-06,NA,"Bright Angel Upper",NA,534,1179,0,"2022",73.2810501421262,2017,0.450316528385768,0.0566869704945677,0.00381471355628799,66253.5283490927,0.00202789702924906,0.0373133367809739
"154","OTEL57",2022-01-08,NA,"Bright Angel Lower",NA,348,340,0,"2022",75.0592732246353,2019,0.471363411848015,0.0327912751257039,0.00259005648341647,57723.5057279718,0.000549939811055633,0.031151362142728
"155","OTEL58",2022-01-08,NA,"Bright Angel Lower",NA,312,318,0,"2022",96.9905722474182,2019,3.29685422506959,0.0194207369958028,0.00568729892466833,62811.1750383191,0.000620889957395402,0.030347361745838
"156","OTEL59",2022-01-16,NA,"Bright Angel Upper",NA,499,1105,88.5,"2022",83.943034167874,2017,0.5819956221159,0.0956235802612327,0.00401010822564736,66901.150743916,0.00137621150803089,0.0407796396910601
"157","OTEL60",2022-01-19,NA,"Bright Angel Upper",NA,295,257,0,"2022",92.5251837036888,2020,0.480270705410436,0.0831875659004702,0.00509318149380595,64111.3115147053,0.00408472709989887,0.0474824283609415
"158","OTEL61",2022-01-21,NA,"Bright Angel Upper",NA,313,247,0,"2022",74.6252354054166,2019,0.433276465851925,0.0872555350812685,0.0135143992292015,64543.7127359149,0.00146243561652352,0.0552692392303715
"159","OTEL62",2022-01-22,NA,"Bright Angel Lower",NA,397,513,15.5,"2022",76.6827122003451,2018,0.442209854442155,0.0600627745569416,0.00668293219073042,38157.6832540381,0.00158972325935558,0.0328916245886854
"160","OTEL63",2022-01-22,NA,"Bright Angel Lower",NA,335,397,89,"2022",98.0974860729334,2019,4.23061367437179,0.0217461793982374,0.004503323100069,105611.891868618,0.00157065751336104,0.0318859870711934
"161","TBA01",2021-10-27,NA,"Bright Angel Above Barrier","Bright Angel",495,1306,0,"2021",101.604229805649,2017,0.35394085024148,0.0593960535369068,0.00233097823077885,42582.0886450445,0.00175235287394474,0.0400906591689327
"162","TBA02",2021-10-27,NA,"Bright Angel Above Barrier","Bright Angel",501,1376,26,"2021",103.299629850588,2017,0.33027367979771,0.0503688922420467,0.00309132231474107,111851.815030039,0.00401242361779164,0.0417967116177016
"163","TBA03",2021-10-27,NA,"Bright Angel Above Barrier","Bright Angel",322,NA,17,"2021",NA,2019,0.367309096906321,0.0580781619642327,0.00345845881230766,43121.1251779268,0.00202802084415212,0.0444521464772725
"164","TBA04",2021-10-27,NA,"Bright Angel Above Barrier","Bright Angel",336,468,27.5,"2021",114.625592090094,2019,0.416539790176849,0.0677399743233341,0.00240480102528433,36564.1202582009,0.00194550133973034,0.0448632089630624
"165","TBA05",2021-10-27,NA,"Bright Angel Above Barrier","Bright Angel",288,265,27.5,"2021",102.433994840267,2019,0.323036050949494,0.0442345111622211,0.00294319371191671,37250.039723978,0.00511281209122623,0.0479949429754227
"166","TBA07",2021-11-14,NA,"Bright Angel Above Barrier","Bright Angel",414,846,0,"2021",111.699017557945,2017,0.397496017597285,0.0563595692840782,0.00581331410828615,52471.0097138827,0.0010843417376046,0.0431267516361804
"167","TBA08",2021-11-14,NA,"Bright Angel Above Barrier","Bright Angel",425,860,15,"2021",105.067214433768,2017,0.393773132894367,0.0421669324260339,0.00293375224486243,213996.630863656,0.00343025943973472,0.0918245420383313
"168","TBA09",2021-11-23,NA,"Bright Angel Above Barrier","Bright Angel",255,158,37,"2021",87.5584677391038,2020,0.4273076625726,0.0549704128218797,0.00457139777628651,64425.5804123854,0.00222004625725458,0.0432068825326545
"169","TBA10",2021-11-25,NA,"Bright Angel Above Barrier","Bright Angel",607,2695,0,"2021",114.635794150753,2013,0.429981694119742,0.0723679864314649,0.00554593298208012,83952.9334513136,0.00289184421577134,0.0613609752531995
"170","TBA12",2021-11-25,NA,"Bright Angel Above Barrier","Bright Angel",537,1722,46.5,"2021",105.271124349431,2017,0.359164531138665,0.0587329866564258,0.00453634572064804,77494.8472026505,0.00871168497281133,0.117075547974106
"171","TBA13",2021-11-25,NA,"Bright Angel Above Barrier","Bright Angel",348,503,34,"2021",111.043571858799,2018,0.365757497764796,0.0528002418919089,0.00355588409287308,49638.005710614,0.00376327292119247,0.0706480417432138
"172","TBA14",2021-12-09,NA,"Bright Angel Above Barrier","Bright Angel",406,602,36,"2021",84.2091787405821,2017,0.44196387476723,0.0595833654397429,0.00401061789529655,54673.8610402067,0.00152332764697972,0.0426861677052621
"173","VRT32",2012-11-13,NA,"Bright Angel Lower",NA,630,2931,0,"2012",111.67804225622,2003,4.16749626010312,0.0287483976079991,0.00237096344813282,162741.203382191,0.000648100424877865,0.0222664741257574
"174","VRT35",2012-01-14,NA,"Bright Angel Lower",NA,375,422,0,"2012",74.6758025105155,2008,0.347348982704165,0.0472689760134131,0.00584715615634799,189633.758739668,0.000800487684612621,0.0532757863452214
"175","VRT36",2012-01-25,NA,"Bright Angel Upper",NA,522,NA,0,"2012",NA,2006,0.44299018208538,0.0534928818165719,0.00291065439283319,238043.222271003,0.000773476751174749,0.0543107018442829
"176","VRT37",2013-02-09,NA,"Bright Angel Lower",NA,640,NA,0,"2013",NA,2003,0.452520380295115,0.0730886310478882,0.007597269514393,139986.220894965,0.000874798587598266,0.0469934743361992
"177","VRT38",2012-01-13,NA,"Bright Angel Lower",NA,525,1630,0,"2012",106.540827673147,2006,0.366605503368884,0.0646963784377798,0.00599456099350922,126201.023465172,0.000660294598354248,0.0389544821245567
"178","VRT39",2011-12-19,NA,"Bright Angel Lower",NA,568,2025,0,"2011",104.846503978493,2004,0.426046827989817,0.0465661165389526,0.00656950359046869,105398.151307233,0.000649472278088251,0.0523649241246548
"179","VRT41",2012-01-02,NA,"Bright Angel Lower",NA,442,870,0,"2012",94.6388240692122,2008,0.374825468385814,0.0461974102830374,0.00408151538958445,157308.204371601,0.000609161888510467,0.0400900009750041
"180","VRT42",2012-10-06,NA,"Bright Angel Lower",NA,509,1025,0,"2012",73.4242010734116,2007,0.72704264554164,0.0823462557340288,0.00531925979852177,88532.4830334901,0.000699184131076349,0.0493093666675008
"181","VRT43",2012-01-12,NA,"Bright Angel Lower",NA,365,NA,11,"2012",NA,2009,0.363066854118034,0.0531700866448664,0.00484979940966203,199577.436752632,0.00038275597661211,0.0417919014063865
"182","VRT44",2012-01-27,NA,"Bright Angel Lower",NA,475,1115,14.5,"2012",98.008057780626,2008,0.405019526831689,0.0667757157677614,0.00579639907967645,219521.777984762,0.00185842085737579,0.0545312311533018
"183","VRT50",2012-11-01,NA,"Bright Angel Lower",NA,513,1530,20,"2012",107.088794586573,2007,0.381922025727709,0.0507070624396417,0.00396461519251296,96204.3740960947,0.00123181679194463,0.0451103174841723
"184","YOY01",2022-11-11,NA,"Bright Angel Upper","Bright Angel",115,14,0,"2022",81.9336737495333,2022,0.382859530007383,0.0790717826156774,0.0040958254975185,26020.7133623159,0.00150783595210637,0.0409865862217408
"185","YOY02",2022-11-11,NA,"Bright Angel Upper","Bright Angel",126,17,12.5,"2022",75.9192847434572,2022,0.436528878750416,0.0895511418701946,0.00500728024548443,58468.3735835526,0.00100277429496823,0.0454408782921609
"186","YOY03",2022-11-11,NA,"Bright Angel Upper",NA,136,15,0,"2022",53.4338036537977,2022,0.421657747685584,0.0742298287484301,0.00415319470472077,49261.3829575446,0.000740849599454456,0.0441980672487915
"187","YOY05",2022-11-18,NA,"Bright Angel Upper",NA,104,10,0,"2022",78.8099978532264,2022,0.465421199144648,0.0953112900320038,0.00391730300747603,68450.4136310083,0.000634619422444747,0.0559507280473116
"188","MGR11",2013-01-21,63.58,"LCR Confluence",NA,NA,NA,0,"2013",NA,2010,0.445317136479479,0.0854581501637872,0.00733588180717722,68699.5415427863,0.00132995837960248,0.0474357743992522
"189","MGR19",2013-01-18,63.5,"LCR Confluence",NA,NA,NA,0,"2013",NA,2010,0.404015271489991,0.0496426462228898,0.00404673478441557,67605.6770950694,0.000539763143110076,0.042898594195334
"190","MGR20",2013-04-11,60.5,"LCR Confluence",NA,348.15,NA,0,"2013",NA,2009,0.41507887700346,0.081534937891399,0.00567057433581453,70277.6152082752,0.000612306726295734,0.0432307521316821
"191","MGR21",2013-01-21,63.58,"LCR Confluence",NA,NA,NA,0,"2013",NA,2010,0.387014865076887,0.0576270455449703,0.00538268760931968,51809.4121995849,0.000611487357388393,0.0432332008006673
"192","MGR24",2014-01-15,60.1,"LCR Confluence",NA,323.67,NA,27,"2014",NA,2011,0.328085162261337,0.0551368068783702,0.00583213813322361,115489.062774222,0.000960408601875632,0.0346112041141484
"193","MSC19",2017-10-01,63.09,"LCR Confluence",NA,375,575,0,"2017",101.750204842527,2014,0.450219068415586,0.0569131741405577,0.00382931645726385,105850.224386393,0.00119850266642232,0.0447522727415629
"194","MSC41",2014-09-25,63.46,"LCR Confluence",NA,374.8081,NA,0,"2014",NA,2011,0.385750188359898,0.0308700543809671,0.00534464842188801,59777.9171230462,0.000817550478938792,0.0387309264466258
"195","MSC46",2014-07-04,63.44,"LCR Confluence",NA,409.3691,NA,11,"2014",NA,2011,0.392765074426616,0.0287402429935319,0.00471202342561817,48715.6074903807,0.000607375102522125,0.0335593229161938
"196","MSC49",2014-07-10,63.44,"LCR Confluence",NA,303.6531,314,9,"2014",NA,2012,0.497578834422235,0.0393424832477378,0.00294198215436623,27237.4887754568,0.00142747063111261,0.0321180892000337
"197","MSC51.2",2013-04-11,60.59,"LCR Confluence",NA,286.3726,258,0,"2013",NA,2011,0.46174568180794,0.062155042611324,0.0051750150710486,77701.3046591731,0.0109682386288791,0.0451355574968209
"198","MSC52",2013-04-13,63.9,"LCR Confluence",NA,304.6696,268,0,"2013",NA,2011,0.340015617544366,0.0387916806470826,0.00614487101037427,95116.1462748546,0.000741298075810143,0.0328861137321684
"199","MSC60",2013-04-15,63.75,"LCR Confluence",NA,307.7191,273,13.5,"2013",NA,2011,0.500911601493549,0.0663914898995731,0.00334024920340294,59125.6281854753,0.00213748453992128,0.0358069230142509
"200","MSC62",2013-04-13,63.53,"LCR Confluence",NA,312.8016,321,0,"2013",NA,2011,0.417257273707495,0.040825035684377,0.00241866821432768,39158.3527125577,0.00131327710608552,0.0276751585871418
"201","MSC63",2014-04-17,63.73,"LCR Confluence",NA,324.9996,318,17.5,"2014",NA,2012,0.391168638106678,0.0453430804225993,0.00384008102167657,111320.075826277,0.00089004694456619,0.0296633631325966
"202","MSC64",2013-04-11,60.12,"LCR Confluence",NA,313.8181,258,0,"2013",NA,2011,0.509090623253391,0.0738137625484479,0.00615657511305213,83782.8041796062,0.00147461750670819,0.0394958867363079
"203","MSC66",2013-04-14,64.03,"LCR Confluence",NA,272.1416,NA,0,"2013",NA,2011,0.358145308365342,0.049721913317646,0.0041591593424224,46653.7637839255,0.00110133755110389,0.0378840158293668
"204","MSC14",2020-12-08,NA,"Shinumo",NA,327,NA,32,"2020",NA,2017,0.445329200545541,0.0535389462333716,0.00282160990428763,82711.1525946867,0.00605067432624387,0.0658226826756671
